Log_Date;Content_Path;Total_Views;Unique_Visitors
2026-09-27;/glaydsonboa/traceweave/pulse;48;3
2026-09-28;/glaydsonboa/traceweave/pulse;48;3
2026-09-29;/glaydsonboa/traceweave/pulse;48;3
2026-09-30;/glaydsonboa/traceweave/pulse;83;3
2026-10-01;/glaydsonboa/traceweave/pulse;87;3
2026-10-02;/glaydsonboa/traceweave/pulse;101;3
2026-10-03;/glaydsonboa/traceweave/pulse;115;3
2026-10-04;/glaydsonboa/traceweave/pulse;121;3
2026-10-05;/glaydsonboa/traceweave/pulse;121;3
2026-10-06;/glaydsonboa/traceweave;226;18
2026-10-06;/glaydsonboa/traceweave/actions/metrics/performance;16;2
2026-10-06;/glaydsonboa/traceweave/actions/metrics/usage;18;3
2026-10-06;/glaydsonboa/traceweave/blob/main/research/agent-self-report/cases/case-fabricated-execution-report.md;13;13
2026-10-06;/glaydsonboa/traceweave/blob/main/research/agent-self-report/provenance/fable-causal-lineage.md;13;10
2026-10-06;/glaydsonboa/traceweave/discussions;13;3
2026-10-06;/glaydsonboa/traceweave/graphs/code-frequency;12;3
2026-10-06;/glaydsonboa/traceweave/graphs/commit-activity;11;3
2026-10-06;/glaydsonboa/traceweave/graphs/traffic;116;2
2026-10-06;/glaydsonboa/traceweave/pulse;108;3
